season,season_start_year,rank,team,played,won,lost,no_result,points
2007/08,2007,1,Rajasthan Royals,14,11,3,0,22
2007/08,2007,2,Kings XI Punjab,14,10,4,0,20
2007/08,2007,3,Chennai Super Kings,14,8,6,0,16
2007/08,2007,4,Delhi Daredevils,13,7,6,0,14
2007/08,2007,4,Mumbai Indians,14,7,7,0,14
2007/08,2007,6,Kolkata Knight Riders,13,6,7,0,12
2007/08,2007,7,Royal Challengers Bangalore,14,4,10,0,8
2007/08,2007,8,Deccan Chargers,14,2,12,0,4
2009,2009,1,Delhi Daredevils,14,10,4,0,20
2009/10,2009,1,Mumbai Indians,14,10,4,0,20
2009,2009,2,Chennai Super Kings,13,8,5,0,16
2009/10,2009,2,Deccan Chargers,14,8,6,0,16
2009,2009,2,Royal Challengers Bangalore,14,8,6,0,16
2009/10,2009,3,Chennai Super Kings,14,7,7,0,14
2009/10,2009,3,Delhi Daredevils,14,7,7,0,14
2009/10,2009,3,Kolkata Knight Riders,14,7,7,0,14
2009/10,2009,3,Royal Challengers Bangalore,14,7,7,0,14
2009,2009,4,Deccan Chargers,14,7,7,0,14
2009,2009,4,Kings XI Punjab,14,7,7,0,14
2009,2009,6,Rajasthan Royals,13,6,7,0,12
2009,2009,7,Mumbai Indians,13,5,8,0,10
2009/10,2009,7,Rajasthan Royals,14,6,8,0,12
2009/10,2009,8,Kings XI Punjab,14,4,10,0,8
2009,2009,8,Kolkata Knight Riders,13,3,10,0,6
2011,2011,1,Chennai Super Kings,14,9,5,0,18
2011,2011,1,Mumbai Indians,14,9,5,0,18
2011,2011,1,Royal Challengers Bangalore,13,9,4,0,18
2011,2011,4,Kolkata Knight Riders,14,8,6,0,16
2011,2011,5,Kings XI Punjab,14,7,7,0,14
2011,2011,6,Deccan Chargers,14,6,8,0,12
2011,2011,6,Kochi Tuskers Kerala,14,6,8,0,12
2011,2011,6,Rajasthan Royals,13,6,7,0,12
2011,2011,9,Delhi Daredevils,14,4,9,1,9
2011,2011,9,Pune Warriors,14,4,9,1,9
2012,2012,1,Delhi Daredevils,16,11,5,0,22
2012,2012,2,Kolkata Knight Riders,15,10,5,0,20
2012,2012,2,Mumbai Indians,16,10,6,0,20
2012,2012,4,Chennai Super Kings,15,8,7,0,16
2012,2012,4,Kings XI Punjab,16,8,8,0,16
2012,2012,4,Royal Challengers Bangalore,15,8,7,0,16
2012,2012,7,Rajasthan Royals,16,7,9,0,14
2012,2012,8,Deccan Chargers,15,4,11,0,8
2012,2012,8,Pune Warriors,16,4,12,0,8
2013,2013,1,Chennai Super Kings,16,11,5,0,22
2013,2013,1,Mumbai Indians,16,11,5,0,22
2013,2013,3,Rajasthan Royals,16,10,6,0,20
2013,2013,3,Sunrisers Hyderabad,16,10,6,0,20
2013,2013,5,Royal Challengers Bangalore,16,9,7,0,18
2013,2013,6,Kings XI Punjab,16,8,8,0,16
2013,2013,7,Kolkata Knight Riders,16,6,10,0,12
2013,2013,8,Pune Warriors,16,4,12,0,8
2013,2013,9,Delhi Daredevils,16,3,13,0,6
2014,2014,1,Kings XI Punjab,14,11,3,0,22
2014,2014,2,Chennai Super Kings,14,9,5,0,18
2014,2014,2,Kolkata Knight Riders,14,9,5,0,18
2014,2014,4,Mumbai Indians,14,7,7,0,14
2014,2014,4,Rajasthan Royals,14,7,7,0,14
2014,2014,6,Sunrisers Hyderabad,14,6,8,0,12
2014,2014,7,Royal Challengers Bangalore,14,5,9,0,10
2014,2014,8,Delhi Daredevils,14,2,12,0,4
2015,2015,1,Chennai Super Kings,14,9,5,0,18
2015,2015,2,Mumbai Indians,14,8,6,0,16
2015,2015,2,Royal Challengers Bangalore,14,7,5,2,16
2015,2015,4,Rajasthan Royals,13,7,5,1,15
2015,2015,5,Kolkata Knight Riders,13,7,6,0,14
2015,2015,5,Sunrisers Hyderabad,14,7,7,0,14
2015,2015,7,Delhi Daredevils,14,5,8,1,11
2015,2015,8,Kings XI Punjab,14,3,11,0,6
2016,2016,1,Gujarat Lions,14,9,5,0,18
2016,2016,2,Kolkata Knight Riders,14,8,6,0,16
2016,2016,2,Royal Challengers Bangalore,14,8,6,0,16
2016,2016,2,Sunrisers Hyderabad,14,8,6,0,16
2016,2016,5,Delhi Daredevils,14,7,7,0,14
2016,2016,5,Mumbai Indians,14,7,7,0,14
2016,2016,7,Rising Pune Supergiants,14,5,9,0,10
2016,2016,8,Kings XI Punjab,14,4,10,0,8
2017,2017,1,Mumbai Indians,14,10,4,0,20
2017,2017,2,Rising Pune Supergiant,14,9,5,0,18
2017,2017,3,Kolkata Knight Riders,14,8,6,0,16
2017,2017,3,Sunrisers Hyderabad,13,8,5,0,16
2017,2017,5,Kings XI Punjab,14,7,7,0,14
2017,2017,6,Delhi Daredevils,14,6,8,0,12
2017,2017,7,Gujarat Lions,14,4,10,0,8
2017,2017,8,Royal Challengers Bangalore,13,3,10,0,6
2018,2018,1,Chennai Super Kings,14,9,5,0,18
2018,2018,1,Sunrisers Hyderabad,14,9,5,0,18
2018,2018,3,Kolkata Knight Riders,14,8,6,0,16
2018,2018,4,Rajasthan Royals,14,7,7,0,14
2018,2018,5,Kings XI Punjab,14,6,8,0,12
2018,2018,5,Mumbai Indians,14,6,8,0,12
2018,2018,5,Royal Challengers Bangalore,14,6,8,0,12
2018,2018,8,Delhi Daredevils,14,5,9,0,10
2019,2019,1,Chennai Super Kings,14,9,5,0,18
2019,2019,1,Delhi Capitals,14,9,5,0,18
2019,2019,1,Mumbai Indians,14,9,5,0,18
2019,2019,4,Kings XI Punjab,14,6,8,0,12
2019,2019,4,Kolkata Knight Riders,14,6,8,0,12
2019,2019,4,Sunrisers Hyderabad,14,6,8,0,12
2019,2019,7,Rajasthan Royals,14,5,8,1,11
2019,2019,7,Royal Challengers Bangalore,14,5,8,1,11
2020/21,2020,1,Mumbai Indians,14,9,5,0,18
2020/21,2020,2,Delhi Capitals,14,8,6,0,16
2020/21,2020,3,Kolkata Knight Riders,14,7,7,0,14
2020/21,2020,3,Royal Challengers Bangalore,14,7,7,0,14
2020/21,2020,3,Sunrisers Hyderabad,14,7,7,0,14
2020/21,2020,6,Chennai Super Kings,14,6,8,0,12
2020/21,2020,6,Kings XI Punjab,14,6,8,0,12
2020/21,2020,6,Rajasthan Royals,14,6,8,0,12
2021,2021,1,Delhi Capitals,14,10,4,0,20
2021,2021,2,Chennai Super Kings,14,9,5,0,18
2021,2021,2,Royal Challengers Bangalore,14,9,5,0,18
2021,2021,4,Kolkata Knight Riders,14,7,7,0,14
2021,2021,4,Mumbai Indians,14,7,7,0,14
2021,2021,6,Punjab Kings,14,6,8,0,12
2021,2021,7,Rajasthan Royals,14,5,9,0,10
2021,2021,8,Sunrisers Hyderabad,14,3,11,0,6
2022,2022,1,Gujarat Titans,14,10,4,0,20
2022,2022,2,Lucknow Super Giants,14,9,5,0,18
2022,2022,2,Rajasthan Royals,14,9,5,0,18
2022,2022,4,Royal Challengers Bangalore,14,8,6,0,16
2022,2022,5,Delhi Capitals,14,7,7,0,14
2022,2022,5,Punjab Kings,14,7,7,0,14
2022,2022,7,Kolkata Knight Riders,14,6,8,0,12
2022,2022,7,Sunrisers Hyderabad,14,6,8,0,12
2022,2022,9,Chennai Super Kings,14,4,10,0,8
2022,2022,9,Mumbai Indians,14,4,10,0,8
2023,2023,1,Gujarat Titans,14,10,4,0,20
2023,2023,2,Chennai Super Kings,14,8,5,1,17
2023,2023,2,Lucknow Super Giants,14,8,5,1,17
2023,2023,4,Mumbai Indians,14,8,6,0,16
2023,2023,5,Rajasthan Royals,14,7,7,0,14
2023,2023,5,Royal Challengers Bangalore,14,7,7,0,14
2023,2023,7,Kolkata Knight Riders,14,6,8,0,12
2023,2023,7,Punjab Kings,14,6,8,0,12
2023,2023,9,Delhi Capitals,14,5,9,0,10
2023,2023,10,Sunrisers Hyderabad,14,4,10,0,8
2024,2024,1,Kolkata Knight Riders,12,9,3,0,18
2024,2024,2,Rajasthan Royals,13,8,5,0,16
2024,2024,2,Sunrisers Hyderabad,13,8,5,0,16
2024,2024,4,Chennai Super Kings,14,7,7,0,14
2024,2024,4,Delhi Capitals,14,7,7,0,14
2024,2024,4,Lucknow Super Giants,14,7,7,0,14
2024,2024,4,Royal Challengers Bengaluru,14,7,7,0,14
2024,2024,8,Gujarat Titans,12,5,7,0,10
2024,2024,8,Punjab Kings,14,5,9,0,10
2024,2024,10,Mumbai Indians,14,4,10,0,8
2025,2025,1,Punjab Kings,15,9,4,2,20
2025,2025,2,Gujarat Titans,14,9,5,0,18
2025,2025,2,Royal Challengers Bengaluru,13,9,4,0,18
2025,2025,4,Delhi Capitals,15,7,6,2,16
2025,2025,4,Mumbai Indians,14,8,6,0,16
2025,2025,6,Sunrisers Hyderabad,14,6,7,1,13
2025,2025,7,Lucknow Super Giants,14,6,8,0,12
2025,2025,8,Kolkata Knight Riders,13,5,7,1,11
2025,2025,9,Chennai Super Kings,14,4,10,0,8
2025,2025,9,Rajasthan Royals,14,4,10,0,8
2026,2026,1,Gujarat Titans,14,9,5,0,18
2026,2026,1,Royal Challengers Bengaluru,14,9,5,0,18
2026,2026,1,Sunrisers Hyderabad,14,9,5,0,18
2026,2026,4,Rajasthan Royals,14,8,6,0,16
2026,2026,5,Punjab Kings,14,7,6,1,15
2026,2026,6,Delhi Capitals,14,7,7,0,14
2026,2026,7,Kolkata Knight Riders,14,6,7,1,13
2026,2026,8,Chennai Super Kings,14,6,8,0,12
2026,2026,9,Lucknow Super Giants,14,4,10,0,8
2026,2026,9,Mumbai Indians,14,4,10,0,8
